{
  "133e2553e007f826417db55daafacbc711c29894.png": {
    "title": "ai-generated-8266786_1280.png",
    "description": "enter room 1",
    "tags": []
  },
  "2f6b7f848c99389516250a9776288ff1d007df25.png": {
    "title": "ChatGPT Image Dec 17, 2025, 08_50_35 PM.png",
    "description": "the librarian",
    "tags": []
  },
  "84f4e55e4f1008dbc12163b7cee6b71d8a0b0698.png": {
    "title": "ChatGPT Image Dec 17, 2025, 09_19_40 PM.png",
    "description": "enter room 1",
    "tags": []
  },
  "0eae93688d6368787ddf03dfb673da166473a419.png": {
    "title": "ChatGPT Image Dec 21, 2025, 02_45_12 PM.png",
    "description": "ai lab",
    "tags": []
  },
  "a3418bbe2b51a2a1b297aec086bfd2f9c8de9c6d.png": {
    "title": "ChatGPT Image Dec 21, 2025, 04_02_18 PM.png",
    "description": "mad science",
    "tags": []
  },
  "72d17c3311f2fd3bd454328e76c6f436eee3f027.gif": {
    "title": "librarian_flicker_slow_loop.gif",
    "description": "library",
    "tags": []
  }
}